image_name, count;
class_9_circles_882.png,	 9;
class_16_circles_1461.png,	 16;
class_81_circles_1344.png,	 100;
class_9_circles_894.png,	 12;
class_16_circles_1451.png,	 16;
class_9_circles_797.png,	 12;
class_36_circles_1318.png,	 50;
class_4_circles_1367.png,	 4;
class_49_circles_657.png,	 many;
class_4_circles_73.png,	 4;
class_9_circles_1282.png,	 9;
class_9_circles_1543.png,	 9;
class_4_circles_187.png,	 4;
class_9_circles_1889.png,	 12;
class_9_circles_1752.png,	 9;
class_25_circles_1083.png,	 24;
class_4_circles_1272.png,	 4;
class_49_circles_1909.png,	 30;
class_9_circles_1713.png,	 12;
class_16_circles_1864.png,	 16;
class_16_circles_1468.png,	 16;
class_9_circles_1523.png,	 12;
class_25_circles_1310.png,	 16;
class_4_circles_1013.png,	 4;
class_4_circles_1382.png,	 4;
class_25_circles_1828.png,	 24;
class_64_circles_930.png,	 50;
class_9_circles_769.png,	 9;
class_4_circles_1043.png,	 4;
class_16_circles_564.png,	 16;
class_9_circles_1295.png,	 12;
class_4_circles_777.png,	 4;
class_81_circles_1292.png,	 100;
class_25_circles_1289.png,	 24;
class_36_circles_141.png,	 30;
class_4_circles_1654.png,	 4;
class_49_circles_1885.png,	 50;
class_16_circles_1042.png,	 16;
class_25_circles_1319.png,	 24;
class_36_circles_525.png,	 many;
class_16_circles_1621.png,	 16;
class_49_circles_1579.png,	 50;
class_16_circles_85.png,	 16;
class_25_circles_1714.png,	 26;
class_9_circles_1254.png,	 12;
class_25_circles_1843.png,	 16;
class_25_circles_401.png,	 24;
class_49_circles_819.png,	 50;
class_9_circles_509.png,	 9;
class_9_circles_861.png,	 9;
class_36_circles_1111.png,	 25;
class_25_circles_749.png,	 24;
class_9_circles_1404.png,	 12;
class_25_circles_542.png,	 16;
class_4_circles_1954.png,	 4;
class_49_circles_314.png,	 many;
class_9_circles_937.png,	 9;
class_16_circles_935.png,	 16;
class_16_circles_537.png,	 16;
class_25_circles_32.png,	 22;
class_49_circles_1510.png,	 50;
class_9_circles_579.png,	 12;
class_4_circles_1702.png,	 4;
class_4_circles_1969.png,	 4;
class_16_circles_1308.png,	 16;
class_25_circles_966.png,	 24;
class_4_circles_986.png,	 4;
class_4_circles_117.png,	 4;
class_25_circles_1869.png,	 24;
class_25_circles_951.png,	 16;
class_9_circles_505.png,	 9;
class_4_circles_1207.png,	 4;
class_49_circles_1661.png,	 50;
class_4_circles_1187.png,	 4;
class_9_circles_825.png,	 12;
class_9_circles_547.png,	 9;
class_4_circles_1492.png,	 4;
class_25_circles_475.png,	 24;
class_16_circles_183.png,	 16;
class_81_circles_1501.png,	 100;
class_9_circles_1903.png,	 12;
class_9_circles_1952.png,	 12;
class_64_circles_947.png,	 100;
class_36_circles_236.png,	 50;
class_25_circles_1021.png,	 24;
class_9_circles_1465.png,	 9;
class_4_circles_1943.png,	 4;
class_9_circles_1406.png,	 9;
class_16_circles_996.png,	 16;
class_4_circles_63.png,	 4;
class_25_circles_121.png,	 24;
class_16_circles_273.png,	 16;
class_25_circles_750.png,	 24;
class_9_circles_242.png,	 9;
class_49_circles_1934.png,	 30;
class_4_circles_22.png,	 4;
class_4_circles_327.png,	 4;
class_9_circles_1605.png,	 9;
class_16_circles_677.png,	 16;
class_4_circles_444.png,	 4;
class_4_circles_764.png,	 4;
class_9_circles_108.png,	 12;
class_9_circles_1656.png,	 9;
class_36_circles_812.png,	 30;
class_9_circles_1739.png,	 12;
class_9_circles_611.png,	 12;
class_36_circles_939.png,	 30;
class_4_circles_938.png,	 4;
class_25_circles_1683.png,	 24;
class_81_circles_476.png,	 100;
class_9_circles_308.png,	 12;
class_9_circles_832.png,	 12;
class_25_circles_127.png,	 24;
class_9_circles_799.png,	 9;
class_25_circles_1186.png,	 24;
class_9_circles_501.png,	 12;
class_25_circles_1109.png,	 24;
class_4_circles_873.png,	 4;
class_100_circles_1750.png,	 100;
class_25_circles_570.png,	 24;
class_100_circles_86.png,	 50;
class_4_circles_1195.png,	 4;
class_16_circles_1150.png,	 16;
class_64_circles_610.png,	 many;
class_16_circles_1724.png,	 16;
class_4_circles_1900.png,	 4;
class_64_circles_1153.png,	 many;
class_4_circles_1771.png,	 4;
class_81_circles_152.png,	 50;
class_25_circles_135.png,	 24;
class_64_circles_1553.png,	 many;
class_4_circles_123.png,	 4;
class_16_circles_975.png,	 16;
class_9_circles_1182.png,	 12;
class_9_circles_119.png,	 12;
class_4_circles_1244.png,	 4;
class_4_circles_1601.png,	 4;
class_81_circles_1628.png,	 50;
class_9_circles_2.png,	 12;
class_81_circles_1531.png,	 100;
class_9_circles_12.png,	 12;
class_9_circles_1730.png,	 12;
class_25_circles_999.png,	 24;
class_4_circles_1303.png,	 4;
class_16_circles_24.png,	 16;
class_9_circles_1175.png,	 12;
class_4_circles_1979.png,	 4;
class_4_circles_227.png,	 4;
class_9_circles_1861.png,	 12;
class_36_circles_1248.png,	 25;
class_4_circles_1547.png,	 4;
class_25_circles_923.png,	 25;
class_25_circles_1642.png,	 24;
class_9_circles_1414.png,	 12;
class_4_circles_1340.png,	 4;
class_64_circles_856.png,	 50;
class_36_circles_309.png,	 30;
class_9_circles_1554.png,	 9;
class_49_circles_1029.png,	 30;
class_9_circles_136.png,	 12;
class_4_circles_1572.png,	 4;
class_36_circles_43.png,	 30;
class_4_circles_231.png,	 4;
class_4_circles_948.png,	 4;
class_25_circles_1199.png,	 24;
class_64_circles_416.png,	 100;
class_25_circles_337.png,	 25;
class_9_circles_848.png,	 12;
class_9_circles_1219.png,	 9;
class_36_circles_201.png,	 30;
class_4_circles_1242.png,	 4;
class_9_circles_1826.png,	 9;
class_25_circles_1149.png,	 24;
class_16_circles_520.png,	 16;
class_9_circles_1530.png,	 12;
class_25_circles_368.png,	 24;
class_9_circles_1098.png,	 12;
class_64_circles_269.png,	 many;
class_16_circles_765.png,	 16;
class_4_circles_942.png,	 4;
class_4_circles_1067.png,	 4;
class_4_circles_1951.png,	 4;
class_25_circles_1536.png,	 24;
class_81_circles_796.png,	 100;
class_9_circles_1740.png,	 12;
class_49_circles_1091.png,	 50;
class_4_circles_1644.png,	 4;
class_16_circles_1651.png,	 16;
class_4_circles_278.png,	 4;
class_4_circles_1191.png,	 4;
class_4_circles_367.png,	 4;
class_9_circles_440.png,	 12;
class_49_circles_918.png,	 30;
class_9_circles_1965.png,	 9;
class_36_circles_1285.png,	 30;
class_16_circles_1788.png,	 16;
class_36_circles_1831.png,	 30;
class_16_circles_1870.png,	 16;
class_81_circles_854.png,	 many;
class_36_circles_895.png,	 30;
class_64_circles_1506.png,	 many;
class_9_circles_1802.png,	 9;
class_16_circles_1546.png,	 16;
class_9_circles_1459.png,	 12;
class_25_circles_1597.png,	 24;
class_16_circles_137.png,	 16;
class_9_circles_961.png,	 9;
class_64_circles_102.png,	 50;
class_36_circles_13.png,	 30;
class_9_circles_756.png,	 9;
class_81_circles_1291.png,	 100;
class_25_circles_1819.png,	 16;
class_4_circles_154.png,	 4;
class_36_circles_755.png,	 30;
class_4_circles_743.png,	 4;
class_16_circles_1061.png,	 16;
class_9_circles_1350.png,	 12;
class_49_circles_1908.png,	 50;
class_4_circles_378.png,	 4;
class_4_circles_1016.png,	 4;
class_36_circles_1915.png,	 50;
class_9_circles_1699.png,	 9;
class_4_circles_1576.png,	 4;
class_4_circles_21.png,	 4;
class_9_circles_1391.png,	 12;
class_64_circles_1027.png,	 100;
class_64_circles_502.png,	 50;
class_9_circles_70.png,	 12;
class_49_circles_1888.png,	 many;
class_16_circles_1917.png,	 16;
class_4_circles_720.png,	 4;
class_36_circles_297.png,	 26;
class_9_circles_1233.png,	 12;
class_64_circles_1274.png,	 50;
class_16_circles_1786.png,	 16;
class_4_circles_1458.png,	 4;
class_9_circles_383.png,	 12;
class_25_circles_1452.png,	 16;
class_49_circles_1958.png,	 30;
class_4_circles_1475.png,	 4;
class_4_circles_1627.png,	 4;
class_25_circles_1142.png,	 24;
class_4_circles_1940.png,	 4;
class_9_circles_1648.png,	 12;
class_49_circles_1447.png,	 30;
class_9_circles_767.png,	 12;
class_9_circles_1315.png,	 12;
class_9_circles_1791.png,	 9;
class_9_circles_1246.png,	 12;
class_49_circles_1675.png,	 50;
class_25_circles_1564.png,	 24;
class_9_circles_1362.png,	 12;
class_25_circles_1882.png,	 26;
class_25_circles_1256.png,	 24;
class_4_circles_189.png,	 4;
class_16_circles_430.png,	 16;
class_4_circles_1178.png,	 4;
class_36_circles_72.png,	 30;
class_49_circles_83.png,	 30;
class_81_circles_1227.png,	 many;
class_9_circles_1876.png,	 9;
class_9_circles_599.png,	 9;
class_49_circles_1744.png,	 many;
class_4_circles_1081.png,	 4;
class_25_circles_1703.png,	 24;
class_4_circles_1706.png,	 4;
class_16_circles_1445.png,	 16;
class_81_circles_51.png,	 many;
class_16_circles_1529.png,	 16;
class_16_circles_1239.png,	 16;
class_16_circles_1633.png,	 16;
class_49_circles_1946.png,	 50;
class_36_circles_917.png,	 30;
class_16_circles_1708.png,	 16;
class_25_circles_1143.png,	 24;
class_25_circles_1273.png,	 24;
class_4_circles_1145.png,	 4;
class_9_circles_196.png,	 12;
class_16_circles_1192.png,	 16;
class_25_circles_510.png,	 24;
class_49_circles_1238.png,	 50;
class_25_circles_1762.png,	 24;
class_49_circles_1967.png,	 50;
class_9_circles_325.png,	 12;
class_4_circles_1707.png,	 4;
class_9_circles_969.png,	 9;
class_4_circles_1220.png,	 4;
class_9_circles_64.png,	 12;
class_49_circles_1701.png,	 30;
class_9_circles_427.png,	 9;
class_36_circles_420.png,	 30;
class_4_circles_38.png,	 4;
class_4_circles_388.png,	 4;
class_4_circles_1396.png,	 4;
class_25_circles_962.png,	 16;
class_16_circles_1393.png,	 16;
class_9_circles_489.png,	 8;
class_16_circles_1364.png,	 16;
class_9_circles_1782.png,	 12;
class_64_circles_1170.png,	 50;
class_36_circles_428.png,	 30;
class_9_circles_1781.png,	 12;
class_4_circles_696.png,	 4;
class_4_circles_810.png,	 4;
class_36_circles_1026.png,	 30;
class_16_circles_713.png,	 16;
class_49_circles_669.png,	 many;
class_49_circles_488.png,	 30;
class_9_circles_704.png,	 9;
class_9_circles_1862.png,	 9;
class_9_circles_1265.png,	 12;
class_4_circles_891.png,	 4;
class_36_circles_159.png,	 50;
class_25_circles_5.png,	 24;
class_4_circles_487.png,	 4;
class_9_circles_193.png,	 9;
class_25_circles_860.png,	 24;
class_9_circles_1119.png,	 8;
class_4_circles_462.png,	 4;
class_9_circles_1005.png,	 9;
class_25_circles_685.png,	 24;
class_81_circles_450.png,	 many;
class_4_circles_351.png,	 4;
class_16_circles_1090.png,	 16;
class_16_circles_1896.png,	 16;
class_25_circles_1294.png,	 24;
class_9_circles_849.png,	 12;
class_4_circles_1037.png,	 4;
class_64_circles_372.png,	 many;
class_16_circles_822.png,	 16;
class_4_circles_45.png,	 4;
class_9_circles_1920.png,	 9;
class_25_circles_618.png,	 16;
class_64_circles_590.png,	 many;
class_25_circles_304.png,	 16;
class_9_circles_215.png,	 12;
class_49_circles_627.png,	 30;
class_25_circles_443.png,	 16;
class_49_circles_406.png,	 30;
class_16_circles_678.png,	 16;
class_36_circles_959.png,	 30;
class_25_circles_1692.png,	 16;
class_9_circles_320.png,	 9;
class_36_circles_1225.png,	 30;
class_25_circles_492.png,	 24;
class_49_circles_954.png,	 30;
class_36_circles_768.png,	 30;
class_49_circles_874.png,	 50;
class_25_circles_780.png,	 24;
class_9_circles_76.png,	 12;
class_36_circles_1306.png,	 30;
class_4_circles_581.png,	 4;
class_4_circles_791.png,	 4;
class_49_circles_654.png,	 30;
class_4_circles_908.png,	 4;
class_64_circles_1835.png,	 many;
class_36_circles_624.png,	 30;
class_4_circles_36.png,	 4;
class_16_circles_518.png,	 16;
class_9_circles_850.png,	 9;
class_64_circles_1138.png,	 50;
class_9_circles_399.png,	 12;
class_4_circles_81.png,	 4;
class_49_circles_1636.png,	 30;
class_16_circles_486.png,	 16;
class_4_circles_976.png,	 4;
class_9_circles_648.png,	 12;
class_16_circles_1559.png,	 16;
class_36_circles_1304.png,	 30;
class_36_circles_639.png,	 30;
class_4_circles_940.png,	 4;
class_16_circles_1669.png,	 16;
class_4_circles_1056.png,	 4;
class_49_circles_964.png,	 50;
class_9_circles_868.png,	 12;
class_49_circles_1471.png,	 many;
class_25_circles_1190.png,	 16;
class_36_circles_1490.png,	 20;
class_9_circles_785.png,	 12;
class_16_circles_186.png,	 16;
class_9_circles_1171.png,	 12;
class_4_circles_1496.png,	 4;
class_4_circles_1435.png,	 4;
class_64_circles_247.png,	 50;
class_9_circles_1673.png,	 9;
class_9_circles_1359.png,	 12;
class_9_circles_1567.png,	 9;
class_36_circles_168.png,	 30;
class_4_circles_454.png,	 4;
class_4_circles_1823.png,	 4;
class_16_circles_1981.png,	 16;
class_16_circles_1047.png,	 16;
class_16_circles_1320.png,	 16;
class_9_circles_665.png,	 12;
class_16_circles_240.png,	 16;
class_36_circles_719.png,	 30;
class_16_circles_1372.png,	 16;
class_64_circles_737.png,	 100;
class_4_circles_1575.png,	 4;
class_36_circles_1820.png,	 30;
class_9_circles_569.png,	 9;
class_16_circles_1775.png,	 16;
class_49_circles_1324.png,	 30;
class_25_circles_382.png,	 24;
class_9_circles_27.png,	 8;
class_9_circles_1679.png,	 12;
class_36_circles_1426.png,	 30;
class_4_circles_1250.png,	 4;
class_25_circles_1626.png,	 24;
class_81_circles_714.png,	 many;
class_9_circles_1499.png,	 9;
class_49_circles_1756.png,	 30;
class_4_circles_1136.png,	 4;
class_9_circles_1850.png,	 9;
class_36_circles_758.png,	 26;
class_4_circles_1839.png,	 4;
class_4_circles_837.png,	 4;
class_64_circles_1102.png,	 50;
class_9_circles_145.png,	 12;
class_49_circles_1077.png,	 50;
class_9_circles_291.png,	 12;
class_16_circles_782.png,	 16;
class_9_circles_863.png,	 12;
class_64_circles_1110.png,	 100;
class_49_circles_588.png,	 many;
class_4_circles_318.png,	 4;
class_81_circles_1784.png,	 100;
class_16_circles_1808.png,	 16;
class_49_circles_1754.png,	 30;
class_9_circles_163.png,	 9;
class_4_circles_1355.png,	 4;
class_64_circles_294.png,	 50;
class_4_circles_1886.png,	 4;
class_81_circles_619.png,	 100;
class_4_circles_1631.png,	 4;
class_4_circles_901.png,	 4;
class_9_circles_94.png,	 9;
class_36_circles_1453.png,	 30;
class_4_circles_499.png,	 4;
class_9_circles_926.png,	 12;
class_25_circles_877.png,	 24;
class_9_circles_1745.png,	 12;
class_9_circles_225.png,	 12;
class_9_circles_1488.png,	 12;
class_64_circles_44.png,	 many;
class_4_circles_485.png,	 4;
class_9_circles_1930.png,	 12;
class_16_circles_606.png,	 16;
class_9_circles_172.png,	 9;
class_9_circles_1883.png,	 9;
class_4_circles_857.png,	 4;
class_16_circles_1403.png,	 16;
class_25_circles_1173.png,	 24;
class_9_circles_1048.png,	 12;
class_4_circles_691.png,	 4;
class_4_circles_866.png,	 4;
class_9_circles_130.png,	 12;
class_25_circles_347.png,	 25;
class_25_circles_991.png,	 24;
class_49_circles_1165.png,	 30;
class_25_circles_1599.png,	 24;
class_25_circles_232.png,	 25;
class_16_circles_1735.png,	 16;
class_9_circles_340.png,	 9;
class_4_circles_1064.png,	 4;
class_100_circles_41.png,	 many;
class_16_circles_1976.png,	 16;
class_16_circles_602.png,	 16;
class_25_circles_795.png,	 26;
class_4_circles_621.png,	 4;
class_4_circles_757.png,	 4;
class_4_circles_1727.png,	 4;
class_9_circles_658.png,	 12;
class_4_circles_1222.png,	 4;
class_9_circles_1314.png,	 12;
class_16_circles_845.png,	 16;
class_64_circles_400.png,	 many;
class_4_circles_1935.png,	 4;
class_25_circles_844.png,	 24;
class_9_circles_884.png,	 12;
class_25_circles_855.png,	 16;
class_64_circles_1162.png,	 many;
class_4_circles_1058.png,	 4;
class_9_circles_409.png,	 12;
class_100_circles_425.png,	 50;
class_9_circles_1728.png,	 12;
class_16_circles_933.png,	 16;
class_4_circles_295.png,	 4;
class_9_circles_330.png,	 9;
class_25_circles_1487.png,	 25;
class_4_circles_195.png,	 4;
class_4_circles_1560.png,	 4;
class_4_circles_461.png,	 4;
class_9_circles_1249.png,	 12;
class_25_circles_792.png,	 24;
class_16_circles_1963.png,	 16;
class_4_circles_192.png,	 4;
class_25_circles_701.png,	 25;
class_36_circles_253.png,	 30;
class_4_circles_1196.png,	 4;
class_9_circles_789.png,	 9;
class_16_circles_1185.png,	 16;
class_16_circles_244.png,	 16;
class_25_circles_905.png,	 24;
class_36_circles_1555.png,	 30;
class_4_circles_1796.png,	 4;
class_4_circles_1176.png,	 4;
class_81_circles_1505.png,	 many;
class_9_circles_445.png,	 12;
class_49_circles_1721.png,	 30;
class_9_circles_188.png,	 9;
class_9_circles_881.png,	 12;
class_9_circles_1412.png,	 9;
class_4_circles_770.png,	 4;
class_16_circles_243.png,	 16;
class_25_circles_580.png,	 24;
class_16_circles_379.png,	 16;
class_16_circles_870.png,	 16;
class_64_circles_1331.png,	 many;
class_16_circles_321.png,	 16;
class_4_circles_651.png,	 4;
class_4_circles_1416.png,	 4;
class_4_circles_1919.png,	 4;
class_16_circles_1507.png,	 16;
class_4_circles_245.png,	 4;
class_64_circles_233.png,	 many;
class_9_circles_1975.png,	 9;
class_49_circles_1235.png,	 50;
class_9_circles_423.png,	 12;
class_9_circles_339.png,	 12;
class_64_circles_909.png,	 50;
class_16_circles_1302.png,	 16;
class_16_circles_783.png,	 16;
class_9_circles_575.png,	 12;
class_81_circles_698.png,	 30;
class_9_circles_670.png,	 12;
class_25_circles_960.png,	 24;
class_4_circles_1449.png,	 4;
class_16_circles_1437.png,	 16;
class_9_circles_1.png,	 12;
class_25_circles_1121.png,	 16;
class_16_circles_989.png,	 16;
class_25_circles_1764.png,	 24;
class_4_circles_1482.png,	 4;
class_9_circles_175.png,	 12;
class_25_circles_385.png,	 24;
class_9_circles_453.png,	 12;
class_25_circles_809.png,	 24;
class_4_circles_1640.png,	 4;
class_25_circles_104.png,	 24;
class_16_circles_775.png,	 16;
class_9_circles_634.png,	 12;
class_25_circles_114.png,	 24;
class_4_circles_572.png,	 4;
class_9_circles_226.png,	 9;
class_9_circles_211.png,	 12;
class_16_circles_1585.png,	 16;
class_9_circles_217.png,	 12;
class_16_circles_1337.png,	 16;
class_16_circles_833.png,	 16;
class_49_circles_1258.png,	 30;
class_36_circles_307.png,	 50;
class_9_circles_1466.png,	 12;
class_9_circles_1229.png,	 9;
class_9_circles_1604.png,	 12;
class_16_circles_52.png,	 16;
class_4_circles_354.png,	 4;
class_9_circles_1895.png,	 9;
class_16_circles_1183.png,	 16;
class_64_circles_597.png,	 50;
class_16_circles_299.png,	 16;
class_9_circles_1345.png,	 12;
class_49_circles_275.png,	 50;
class_4_circles_1647.png,	 4;
class_4_circles_980.png,	 4;
class_9_circles_751.png,	 12;
class_16_circles_282.png,	 16;
class_16_circles_1905.png,	 16;
class_9_circles_1032.png,	 9;
class_9_circles_1228.png,	 12;
class_16_circles_806.png,	 16;
class_4_circles_816.png,	 4;
class_4_circles_316.png,	 4;
class_25_circles_1691.png,	 24;
class_9_circles_1846.png,	 8;
class_4_circles_1705.png,	 4;
class_36_circles_1694.png,	 25;
class_9_circles_995.png,	 9;
class_4_circles_1698.png,	 4;
class_9_circles_261.png,	 9;
class_16_circles_1583.png,	 16;
class_25_circles_1924.png,	 24;
class_4_circles_727.png,	 4;
class_25_circles_747.png,	 24;
class_4_circles_1402.png,	 4;
class_16_circles_1307.png,	 16;
class_36_circles_1657.png,	 30;
class_16_circles_616.png,	 16;
class_9_circles_1646.png,	 12;
class_9_circles_927.png,	 12;
class_16_circles_332.png,	 16;
class_16_circles_711.png,	 16;
class_4_circles_490.png,	 4;
class_4_circles_821.png,	 4;
class_9_circles_1847.png,	 12;
class_9_circles_1618.png,	 12;
class_16_circles_84.png,	 16;
class_36_circles_1115.png,	 30;
class_9_circles_1096.png,	 9;
class_49_circles_219.png,	 many;
class_16_circles_838.png,	 16;
class_4_circles_1375.png,	 4;
class_9_circles_162.png,	 9;
class_25_circles_674.png,	 25;
class_64_circles_1966.png,	 many;
class_4_circles_883.png,	 4;
class_16_circles_1181.png,	 16;
class_16_circles_345.png,	 16;
class_9_circles_1522.png,	 9;
class_4_circles_1313.png,	 4;
class_9_circles_421.png,	 9;
class_4_circles_1050.png,	 4;
class_4_circles_924.png,	 4;
class_4_circles_1379.png,	 4;
class_25_circles_1811.png,	 24;
class_4_circles_828.png,	 4;
class_4_circles_1719.png,	 4;
class_4_circles_729.png,	 4;
class_9_circles_1036.png,	 12;
class_36_circles_1108.png,	 30;
class_25_circles_890.png,	 24;
class_4_circles_1167.png,	 4;
class_36_circles_661.png,	 50;
class_16_circles_1874.png,	 16;
class_36_circles_359.png,	 30;
class_4_circles_144.png,	 4;
class_4_circles_1709.png,	 4;
class_16_circles_1645.png,	 16;
class_9_circles_552.png,	 12;
class_64_circles_155.png,	 100;
class_4_circles_480.png,	 4;
class_16_circles_1973.png,	 16;
class_64_circles_762.png,	 50;
class_49_circles_571.png,	 50;
class_49_circles_748.png,	 many;
class_49_circles_129.png,	 50;
class_36_circles_1107.png,	 50;
class_16_circles_1431.png,	 16;
class_36_circles_1003.png,	 30;
class_64_circles_830.png,	 50;
class_16_circles_773.png,	 16;
class_49_circles_474.png,	 50;
class_9_circles_1955.png,	 9;
class_9_circles_1394.png,	 12;
class_9_circles_1044.png,	 12;
class_4_circles_1925.png,	 4;
class_9_circles_1877.png,	 12;
class_64_circles_858.png,	 100;
class_16_circles_684.png,	 16;
class_25_circles_774.png,	 24;
class_9_circles_1436.png,	 12;
class_4_circles_1783.png,	 4;
class_9_circles_1928.png,	 12;
class_64_circles_1563.png,	 50;
class_49_circles_23.png,	 50;
class_4_circles_182.png,	 4;
class_9_circles_1260.png,	 12;
class_25_circles_1463.png,	 16;
class_4_circles_1360.png,	 4;
class_9_circles_1123.png,	 12;
class_4_circles_1312.png,	 4;
class_49_circles_319.png,	 50;
class_4_circles_603.png,	 4;
class_4_circles_985.png,	 4;
class_49_circles_1863.png,	 50;
class_9_circles_198.png,	 12;
class_4_circles_1660.png,	 4;
class_4_circles_1758.png,	 4;
class_4_circles_1332.png,	 4;
class_25_circles_545.png,	 16;
class_25_circles_363.png,	 25;
class_4_circles_1615.png,	 4;
class_9_circles_578.png,	 12;
class_16_circles_1376.png,	 16;
class_9_circles_1494.png,	 12;
class_25_circles_199.png,	 24;
class_9_circles_398.png,	 9;
class_4_circles_1801.png,	 4;
class_9_circles_1665.png,	 12;
class_4_circles_1472.png,	 4;
class_9_circles_204.png,	 12;
class_25_circles_165.png,	 25;
class_25_circles_668.png,	 24;
class_9_circles_906.png,	 9;
class_9_circles_279.png,	 12;
class_4_circles_167.png,	 4;
class_9_circles_122.png,	 9;
class_4_circles_478.png,	 4;
class_36_circles_1534.png,	 30;
class_25_circles_1578.png,	 24;
class_9_circles_955.png,	 9;
class_81_circles_484.png,	 50;
class_9_circles_530.png,	 12;
class_9_circles_1354.png,	 9;
class_25_circles_1824.png,	 24;
class_9_circles_1086.png,	 12;
class_9_circles_1760.png,	 9;
class_16_circles_8.png,	 16;
class_49_circles_745.png,	 50;
class_36_circles_1448.png,	 30;
class_9_circles_798.png,	 12;
class_36_circles_1990.png,	 50;
class_25_circles_1427.png,	 24;
class_4_circles_1736.png,	 4;
class_4_circles_965.png,	 4;
class_25_circles_149.png,	 24;
class_4_circles_718.png,	 4;
class_64_circles_1045.png,	 50;
class_9_circles_1681.png,	 12;
class_4_circles_898.png,	 4;
class_9_circles_1223.png,	 12;
class_64_circles_71.png,	 100;
class_9_circles_99.png,	 12;
class_16_circles_1300.png,	 16;
class_36_circles_1867.png,	 30;
class_4_circles_1252.png,	 4;
class_16_circles_876.png,	 16;
class_25_circles_369.png,	 24;
class_16_circles_1591.png,	 16;
class_4_circles_1911.png,	 4;
class_9_circles_1217.png,	 12;
class_16_circles_953.png,	 16;
class_4_circles_1159.png,	 4;
class_49_circles_872.png,	 many;
class_9_circles_1366.png,	 12;
class_100_circles_364.png,	 100;
class_4_circles_1080.png,	 4;
class_4_circles_179.png,	 4;
class_36_circles_601.png,	 30;
class_4_circles_1201.png,	 4;
class_25_circles_1517.png,	 20;
class_36_circles_228.png,	 30;
class_25_circles_290.png,	 24;
class_4_circles_10.png,	 4;
class_25_circles_1879.png,	 24;
class_4_circles_1789.png,	 4;
class_64_circles_1076.png,	 50;
class_4_circles_394.png,	 4;
class_4_circles_584.png,	 4;
class_9_circles_1916.png,	 9;
class_36_circles_1997.png,	 30;
class_49_circles_1680.png,	 50;
class_16_circles_834.png,	 16;
class_16_circles_846.png,	 16;
class_4_circles_1421.png,	 4;
class_4_circles_464.png,	 4;
class_4_circles_235.png,	 4;
class_16_circles_1992.png,	 16;
class_4_circles_1622.png,	 4;
class_16_circles_1410.png,	 16;
class_16_circles_1099.png,	 16;
class_4_circles_75.png,	 4;
class_4_circles_813.png,	 4;
class_25_circles_794.png,	 24;
class_25_circles_1114.png,	 22;
class_4_circles_1329.png,	 4;
class_64_circles_1726.png,	 100;
class_25_circles_1068.png,	 24;
class_36_circles_386.png,	 25;
class_9_circles_916.png,	 12;
class_9_circles_1363.png,	 12;
class_25_circles_1630.png,	 24;
class_4_circles_1817.png,	 4;
class_4_circles_598.png,	 4;
class_9_circles_1280.png,	 12;
class_4_circles_1807.png,	 4;
class_4_circles_523.png,	 4;
class_25_circles_1395.png,	 26;
class_49_circles_521.png,	 50;
class_9_circles_1684.png,	 12;
class_16_circles_1610.png,	 16;
class_25_circles_59.png,	 24;
class_9_circles_566.png,	 8;
class_9_circles_1980.png,	 8;
class_16_circles_695.png,	 16;
class_4_circles_1985.png,	 4;
class_9_circles_1798.png,	 12;
class_4_circles_1154.png,	 4;
class_25_circles_252.png,	 24;
class_4_circles_1932.png,	 4;
class_9_circles_1650.png,	 9;
class_16_circles_723.png,	 16;
class_9_circles_585.png,	 12;
class_9_circles_271.png,	 9;
class_16_circles_47.png,	 16;
class_25_circles_1157.png,	 16;
class_9_circles_1942.png,	 9;
class_4_circles_1025.png,	 4;
class_64_circles_156.png,	 100;
class_4_circles_284.png,	 4;
class_36_circles_904.png,	 30;
class_36_circles_1641.png,	 50;
class_4_circles_573.png,	 4;
class_9_circles_336.png,	 9;
class_36_circles_1311.png,	 30;
class_16_circles_645.png,	 16;
class_4_circles_1144.png,	 4;
class_25_circles_1816.png,	 24;
class_9_circles_992.png,	 9;
class_4_circles_1211.png,	 4;
class_36_circles_725.png,	 many;
class_25_circles_241.png,	 24;
class_49_circles_237.png,	 30;
class_16_circles_29.png,	 16;
class_16_circles_274.png,	 16;
class_9_circles_1168.png,	 12;
class_16_circles_397.png,	 16;
class_9_circles_1401.png,	 12;
class_9_circles_312.png,	 9;
class_64_circles_1387.png,	 50;
class_4_circles_519.png,	 4;
class_4_circles_535.png,	 4;
class_49_circles_1118.png,	 50;
class_9_circles_257.png,	 12;
class_9_circles_1765.png,	 9;
class_9_circles_417.png,	 12;
class_4_circles_213.png,	 4;
class_4_circles_1140.png,	 4;
class_16_circles_1528.png,	 16;
class_9_circles_1827.png,	 12;
class_25_circles_344.png,	 16;
class_4_circles_161.png,	 4;
class_9_circles_1269.png,	 12;
class_9_circles_1842.png,	 9;
class_25_circles_650.png,	 16;
class_25_circles_16.png,	 16;
class_9_circles_62.png,	 9;
class_81_circles_355.png,	 100;
class_4_circles_1346.png,	 4;
class_9_circles_681.png,	 9;
class_81_circles_663.png,	 100;
class_64_circles_82.png,	 100;
class_4_circles_1812.png,	 4;
class_4_circles_1511.png,	 4;
class_25_circles_629.png,	 24;
class_49_circles_1023.png,	 30;
class_4_circles_1383.png,	 4;
class_36_circles_1276.png,	 30;
class_64_circles_328.png,	 100;
class_16_circles_733.png,	 16;
class_9_circles_1241.png,	 9;
class_36_circles_710.png,	 30;
class_16_circles_246.png,	 16;
class_36_circles_504.png,	 30;
class_9_circles_1369.png,	 12;
class_9_circles_375.png,	 12;
class_9_circles_1062.png,	 9;
class_9_circles_971.png,	 12;
class_16_circles_157.png,	 16;
class_9_circles_470.png,	 12;
class_16_circles_1103.png,	 16;
class_16_circles_1581.png,	 16;
class_25_circles_1792.png,	 24;
class_4_circles_1810.png,	 4;
class_16_circles_1151.png,	 16;
class_4_circles_1671.png,	 4;
class_100_circles_1868.png,	 50;
class_4_circles_1446.png,	 4;
class_16_circles_653.png,	 16;
class_25_circles_716.png,	 24;
class_25_circles_1078.png,	 24;
class_4_circles_1007.png,	 4;
class_4_circles_1152.png,	 4;
class_9_circles_1245.png,	 12;
class_16_circles_759.png,	 16;
class_4_circles_528.png,	 4;
class_16_circles_1557.png,	 16;
class_64_circles_990.png,	 many;
class_9_circles_682.png,	 12;
class_9_circles_1309.png,	 9;
class_16_circles_124.png,	 16;
class_4_circles_910.png,	 4;
class_49_circles_1255.png,	 30;
class_9_circles_341.png,	 12;
class_16_circles_1139.png,	 16;
class_9_circles_1716.png,	 12;
class_4_circles_693.png,	 4;
class_4_circles_78.png,	 4;
class_16_circles_1128.png,	 16;
class_25_circles_690.png,	 16;
class_36_circles_1635.png,	 30;
class_16_circles_1612.png,	 16;
class_9_circles_1545.png,	 12;
class_9_circles_329.png,	 12;
class_4_circles_1748.png,	 4;
class_4_circles_14.png,	 4;
class_64_circles_1678.png,	 100;
class_25_circles_1070.png,	 25;
class_25_circles_553.png,	 16;
class_36_circles_1073.png,	 30;
class_4_circles_754.png,	 4;
class_9_circles_885.png,	 12;
class_9_circles_1059.png,	 9;
class_25_circles_1689.png,	 24;
class_16_circles_728.png,	 16;
class_4_circles_1797.png,	 4;
class_36_circles_500.png,	 30;
class_9_circles_1420.png,	 12;
class_9_circles_730.png,	 12;
class_9_circles_460.png,	 9;
class_36_circles_1552.png,	 30;
class_4_circles_709.png,	 4;
class_36_circles_1983.png,	 30;
class_36_circles_1757.png,	 30;
class_9_circles_808.png,	 12;
class_4_circles_956.png,	 4;
class_36_circles_626.png,	 30;
class_25_circles_1649.png,	 24;
class_25_circles_1500.png,	 24;
class_25_circles_483.png,	 24;
class_64_circles_1477.png,	 50;
class_25_circles_270.png,	 16;
class_9_circles_620.png,	 9;
class_25_circles_160.png,	 16;
class_9_circles_97.png,	 12;
class_64_circles_752.png,	 many;
class_9_circles_1473.png,	 12;
class_25_circles_700.png,	 24;
class_81_circles_1129.png,	 many;
class_4_circles_61.png,	 4;
class_16_circles_820.png,	 16;
class_16_circles_1910.png,	 16;
class_16_circles_1365.png,	 16;
class_49_circles_1734.png,	 30;
class_81_circles_1268.png,	 50;
class_9_circles_1731.png,	 12;
class_9_circles_1664.png,	 9;
class_9_circles_687.png,	 9;
class_4_circles_554.png,	 4;
class_4_circles_790.png,	 4;
class_9_circles_433.png,	 12;
class_9_circles_1986.png,	 9;
class_36_circles_1476.png,	 30;
class_4_circles_688.png,	 4;
class_16_circles_1358.png,	 16;
class_4_circles_373.png,	 4;
class_4_circles_1234.png,	 4;
class_9_circles_867.png,	 12;
class_4_circles_468.png,	 4;
class_16_circles_1608.png,	 16;
class_9_circles_146.png,	 9;
class_81_circles_1218.png,	 100;
class_9_circles_266.png,	 9;
class_4_circles_1450.png,	 4;
class_16_circles_96.png,	 16;
class_9_circles_1526.png,	 12;
class_4_circles_1253.png,	 4;
class_16_circles_915.png,	 16;
class_36_circles_1580.png,	 30;
class_9_circles_58.png,	 12;
class_16_circles_285.png,	 16;
class_9_circles_1017.png,	 9;
class_16_circles_1794.png,	 16;
class_25_circles_753.png,	 24;
class_4_circles_1833.png,	 4;
class_25_circles_649.png,	 24;
class_4_circles_1598.png,	 4;
class_64_circles_1767.png,	 many;
class_25_circles_1205.png,	 24;
class_9_circles_550.png,	 12;
class_9_circles_1480.png,	 12;
class_100_circles_1667.png,	 many;
class_25_circles_250.png,	 24;
class_25_circles_943.png,	 16;
class_4_circles_608.png,	 4;
class_9_circles_853.png,	 12;
class_49_circles_548.png,	 30;
class_64_circles_30.png,	 50;
class_64_circles_1009.png,	 50;
class_9_circles_1386.png,	 9;
class_4_circles_1424.png,	 4;
class_9_circles_1284.png,	 12;
class_25_circles_1672.png,	 16;
class_36_circles_1010.png,	 30;
class_4_circles_1174.png,	 4;
class_4_circles_522.png,	 4;
class_4_circles_1922.png,	 4;
class_49_circles_1845.png,	 30;
class_4_circles_763.png,	 4;
class_25_circles_277.png,	 24;
class_16_circles_313.png,	 16;
class_9_circles_1100.png,	 8;
class_9_circles_306.png,	 12;
class_25_circles_1483.png,	 24;
class_4_circles_574.png,	 4;
class_16_circles_864.png,	 16;
class_4_circles_1892.png,	 4;
class_64_circles_1063.png,	 50;
class_16_circles_1518.png,	 16;
class_9_circles_1804.png,	 12;
class_16_circles_607.png,	 16;
class_4_circles_1851.png,	 4;
class_81_circles_511.png,	 many;
class_64_circles_664.png,	 many;
class_16_circles_1208.png,	 16;
class_36_circles_74.png,	 30;
class_25_circles_967.png,	 24;
class_4_circles_1755.png,	 4;
class_16_circles_358.png,	 16;
class_9_circles_1542.png,	 9;
class_4_circles_1084.png,	 4;
class_4_circles_1335.png,	 4;
class_9_circles_1897.png,	 9;
class_25_circles_1275.png,	 24;
class_16_circles_1871.png,	 16;
class_4_circles_1368.png,	 4;
class_9_circles_93.png,	 9;
class_49_circles_333.png,	 30;
class_25_circles_1469.png,	 24;
class_25_circles_1200.png,	 20;
class_64_circles_919.png,	 many;
class_4_circles_1535.png,	 4;
class_9_circles_1569.png,	 9;
class_4_circles_1052.png,	 4;
class_4_circles_311.png,	 4;
class_9_circles_1095.png,	 9;
class_25_circles_632.png,	 24;
class_81_circles_1519.png,	 100;
class_25_circles_1113.png,	 24;
class_25_circles_516.png,	 24;
class_4_circles_1069.png,	 4;
class_9_circles_447.png,	 9;
class_4_circles_1322.png,	 4;
class_9_circles_742.png,	 9;
class_4_circles_1156.png,	 4;
class_64_circles_1251.png,	 many;
class_4_circles_722.png,	 4;
class_9_circles_1405.png,	 12;
class_4_circles_1653.png,	 4;
class_9_circles_1978.png,	 9;
class_9_circles_248.png,	 12;
class_25_circles_455.png,	 24;
class_9_circles_153.png,	 12;
class_4_circles_229.png,	 4;
class_9_circles_115.png,	 12;
class_9_circles_655.png,	 9;
class_9_circles_814.png,	 12;
class_64_circles_449.png,	 50;
class_25_circles_538.png,	 24;
class_9_circles_1904.png,	 12;
class_16_circles_1087.png,	 16;
class_81_circles_268.png,	 100;
class_25_circles_1082.png,	 22;
class_81_circles_1380.png,	 100;
class_16_circles_1937.png,	 16;
class_49_circles_429.png,	 50;
class_25_circles_1348.png,	 24;
class_16_circles_1105.png,	 16;
class_25_circles_1287.png,	 16;
class_9_circles_2000.png,	 9;
class_49_circles_638.png,	 many;
class_100_circles_289.png,	 50;
class_9_circles_1855.png,	 12;
class_4_circles_315.png,	 4;
class_36_circles_1918.png,	 50;
class_9_circles_1439.png,	 12;
class_36_circles_1400.png,	 50;
class_64_circles_1953.png,	 50;
class_4_circles_1125.png,	 4;
class_16_circles_615.png,	 16;
class_49_circles_1385.png,	 30;
class_25_circles_1339.png,	 24;
class_4_circles_50.png,	 4;
class_16_circles_1995.png,	 16;
class_4_circles_766.png,	 4;
class_4_circles_1298.png,	 4;
class_25_circles_1262.png,	 24;
class_9_circles_1947.png,	 9;
class_4_circles_1133.png,	 4;
class_25_circles_1390.png,	 24;
class_9_circles_984.png,	 12;
class_9_circles_1815.png,	 12;
class_9_circles_366.png,	 9;
class_100_circles_593.png,	 many;
class_49_circles_512.png,	 50;
class_9_circles_434.png,	 9;
class_16_circles_1996.png,	 16;
class_9_circles_1982.png,	 9;
class_25_circles_952.png,	 24;
class_64_circles_1491.png,	 50;
class_4_circles_218.png,	 4;
class_36_circles_1224.png,	 30;
class_25_circles_1537.png,	 24;
class_4_circles_1720.png,	 4;
class_81_circles_1999.png,	 many;
class_25_circles_1226.png,	 16;
class_36_circles_851.png,	 26;
class_4_circles_1550.png,	 4;
class_4_circles_671.png,	 4;
class_4_circles_970.png,	 4;
class_9_circles_1166.png,	 9;
class_4_circles_151.png,	 4;
class_36_circles_1014.png,	 30;
class_36_circles_778.png,	 30;
class_9_circles_1374.png,	 9;
class_9_circles_1998.png,	 12;
class_25_circles_1411.png,	 24;
class_9_circles_1652.png,	 9;
class_16_circles_641.png,	 16;
class_64_circles_1330.png,	 50;
class_4_circles_301.png,	 4;
class_4_circles_1614.png,	 4;
class_9_circles_1277.png,	 9;
class_4_circles_1221.png,	 4;
class_16_circles_424.png,	 16;
class_64_circles_1525.png,	 many;
class_4_circles_1663.png,	 4;
class_4_circles_1582.png,	 4;
class_4_circles_451.png,	 4;
class_81_circles_405.png,	 100;
class_25_circles_524.png,	 24;
class_49_circles_456.png,	 50;
class_16_circles_527.png,	 16;
class_49_circles_471.png,	 30;
class_4_circles_734.png,	 4;
class_9_circles_1356.png,	 12;
class_36_circles_1858.png,	 30;
class_9_circles_497.png,	 9;
class_9_circles_415.png,	 9;
class_16_circles_1408.png,	 16;
class_4_circles_1206.png,	 4;
class_9_circles_920.png,	 8;
class_64_circles_612.png,	 100;
class_9_circles_589.png,	 9;
class_25_circles_1774.png,	 24;
class_9_circles_974.png,	 9;
class_16_circles_839.png,	 16;
class_4_circles_1769.png,	 4;
class_4_circles_1893.png,	 4;
class_4_circles_556.png,	 4;
class_9_circles_596.png,	 12;
class_9_circles_1841.png,	 12;
class_9_circles_67.png,	 12;
class_16_circles_1516.png,	 16;
class_4_circles_1120.png,	 4;
class_16_circles_1586.png,	 16;
class_9_circles_1643.png,	 9;
class_4_circles_1247.png,	 4;
class_9_circles_1024.png,	 12;
class_9_circles_1317.png,	 9;
class_4_circles_350.png,	 4;
class_36_circles_1729.png,	 50;
class_81_circles_1019.png,	 many;
class_4_circles_267.png,	 4;
class_4_circles_1398.png,	 4;
class_4_circles_582.png,	 4;
class_16_circles_1072.png,	 16;
class_25_circles_957.png,	 24;
class_25_circles_628.png,	 24;
class_9_circles_801.png,	 8;
class_9_circles_625.png,	 12;
class_9_circles_1214.png,	 9;
class_64_circles_587.png,	 50;
class_16_circles_1060.png,	 16;
class_9_circles_1907.png,	 12;
class_9_circles_280.png,	 12;
class_36_circles_1532.png,	 many;
class_49_circles_281.png,	 50;
class_9_circles_1906.png,	 12;
class_9_circles_19.png,	 12;
class_4_circles_473.png,	 4;
class_16_circles_1551.png,	 16;
class_16_circles_1520.png,	 16;
class_9_circles_25.png,	 9;
class_4_circles_724.png,	 4;
class_9_circles_1887.png,	 12;
class_9_circles_1596.png,	 8;
class_9_circles_1444.png,	 12;
class_25_circles_6.png,	 16;
class_16_circles_1527.png,	 16;
class_4_circles_1216.png,	 4;
class_9_circles_746.png,	 12;
class_64_circles_1822.png,	 50;
class_25_circles_1923.png,	 24;
class_36_circles_561.png,	 30;
class_4_circles_1746.png,	 4;
class_4_circles_1568.png,	 4;
class_36_circles_1357.png,	 30;
class_49_circles_925.png,	 50;
class_16_circles_408.png,	 16;
class_9_circles_968.png,	 9;
class_81_circles_1611.png,	 50;
class_16_circles_292.png,	 16;
class_4_circles_272.png,	 4;
class_81_circles_697.png,	 100;
class_25_circles_1204.png,	 24;
class_16_circles_1687.png,	 16;
class_9_circles_702.png,	 9;
class_16_circles_1688.png,	 16;
class_9_circles_802.png,	 9;
class_16_circles_1790.png,	 16;
class_9_circles_1848.png,	 12;
class_36_circles_1384.png,	 30;
class_9_circles_1829.png,	 9;
class_16_circles_1617.png,	 16;
class_9_circles_705.png,	 12;
class_36_circles_391.png,	 30;
class_9_circles_784.png,	 9;
class_9_circles_1001.png,	 12;
class_9_circles_875.png,	 12;
class_4_circles_1676.png,	 4;
class_4_circles_532.png,	 4;
class_25_circles_410.png,	 16;
class_9_circles_1509.png,	 12;
class_25_circles_1634.png,	 24;
class_25_circles_1261.png,	 24;
class_25_circles_1493.png,	 24;
class_9_circles_1180.png,	 9;
class_25_circles_1770.png,	 16;
class_49_circles_1212.png,	 50;
class_36_circles_1361.png,	 30;
class_25_circles_993.png,	 25;
class_9_circles_1407.png,	 8;
class_4_circles_107.png,	 4;
class_9_circles_1131.png,	 12;
class_9_circles_1803.png,	 8;
class_16_circles_286.png,	 16;
class_81_circles_1722.png,	 50;
class_9_circles_1425.png,	 9;
class_9_circles_143.png,	 12;
class_9_circles_1342.png,	 9;
class_25_circles_230.png,	 24;
class_9_circles_788.png,	 9;
class_16_circles_600.png,	 16;
class_25_circles_53.png,	 16;
class_4_circles_209.png,	 4;
class_9_circles_335.png,	 9;
class_16_circles_1751.png,	 16;
class_9_circles_1432.png,	 12;
class_4_circles_1155.png,	 4;
class_49_circles_88.png,	 30;
class_25_circles_1549.png,	 24;
class_25_circles_1006.png,	 25;
class_9_circles_1587.png,	 9;
class_25_circles_1495.png,	 25;
class_9_circles_1921.png,	 12;
class_9_circles_1616.png,	 12;
class_36_circles_1941.png,	 20;
class_9_circles_936.png,	 12;
class_4_circles_360.png,	 4;
class_4_circles_1780.png,	 4;
class_16_circles_1381.png,	 16;
class_16_circles_1049.png,	 16;
class_4_circles_1088.png,	 4;
class_49_circles_549.png,	 many;
class_16_circles_1670.png,	 16;
class_36_circles_20.png,	 50;
class_4_circles_1336.png,	 3;
class_9_circles_1041.png,	 9;
class_36_circles_1352.png,	 30;
class_4_circles_594.png,	 4;
class_36_circles_1686.png,	 30;
class_4_circles_679.png,	 4;
class_36_circles_1210.png,	 30;
class_9_circles_835.png,	 9;
class_9_circles_761.png,	 12;
class_4_circles_1844.png,	 4;
class_4_circles_110.png,	 4;
class_49_circles_1521.png,	 100;
class_9_circles_662.png,	 12;
class_4_circles_1668.png,	 4;
class_4_circles_1430.png,	 4;
class_16_circles_929.png,	 16;
class_25_circles_643.png,	 24;
class_36_circles_1288.png,	 30;
class_25_circles_147.png,	 24;
class_9_circles_298.png,	 12;
class_9_circles_1184.png,	 12;
class_4_circles_7.png,	 4;
class_25_circles_9.png,	 22;
class_36_circles_893.png,	 30;
class_4_circles_1094.png,	 4;
class_16_circles_35.png,	 16;
class_4_circles_659.png,	 4;
class_4_circles_977.png,	 4;
class_64_circles_1693.png,	 100;
class_4_circles_1936.png,	 4;
class_4_circles_1632.png,	 4;
class_4_circles_1602.png,	 4;
class_4_circles_534.png,	 4;
class_4_circles_1592.png,	 4;
class_25_circles_1132.png,	 24;
class_4_circles_1939.png,	 4;
class_4_circles_972.png,	 4;
class_4_circles_1779.png,	 4;
class_81_circles_1389.png,	 100;
class_4_circles_879.png,	 4;
class_36_circles_1623.png,	 26;
class_25_circles_1629.png,	 25;
class_9_circles_1738.png,	 9;
class_9_circles_1991.png,	 12;
class_64_circles_1479.png,	 many;
class_25_circles_419.png,	 24;
class_25_circles_1987.png,	 24;
class_9_circles_1397.png,	 9;
class_64_circles_978.png,	 many;
class_25_circles_1571.png,	 24;
class_4_circles_630.png,	 4;
class_64_circles_1002.png,	 50;
class_4_circles_1561.png,	 4;
class_9_circles_913.png,	 9;
class_4_circles_1854.png,	 4;
class_9_circles_1169.png,	 9;
class_25_circles_260.png,	 24;
class_9_circles_1700.png,	 12;
class_9_circles_1341.png,	 12;
class_4_circles_1347.png,	 4;
class_9_circles_934.png,	 9;
class_16_circles_55.png,	 16;
class_4_circles_1662.png,	 4;
class_9_circles_1584.png,	 9;
class_16_circles_98.png,	 16;
class_4_circles_1717.png,	 4;
class_4_circles_1927.png,	 4;
class_4_circles_1097.png,	 4;
class_9_circles_1326.png,	 9;
class_16_circles_3.png,	 16;
class_64_circles_66.png,	 many;
class_81_circles_557.png,	 100;
class_49_circles_1540.png,	 many;
class_9_circles_760.png,	 12;
class_9_circles_1884.png,	 9;
class_36_circles_1266.png,	 30;
class_36_circles_1894.png,	 50;
class_9_circles_660.png,	 12;
class_4_circles_178.png,	 4;
class_9_circles_472.png,	 9;
class_4_circles_591.png,	 4;
class_9_circles_100.png,	 9;
class_9_circles_533.png,	 9;
class_25_circles_324.png,	 24;
class_16_circles_288.png,	 16;
class_9_circles_1853.png,	 9;
class_4_circles_283.png,	 4;
class_4_circles_667.png,	 4;
class_4_circles_776.png,	 4;
class_9_circles_1849.png,	 12;
class_16_circles_452.png,	 16;
class_64_circles_60.png,	 many;
class_36_circles_1462.png,	 30;
class_36_circles_1715.png,	 30;
class_16_circles_134.png,	 16;
class_9_circles_847.png,	 12;
class_9_circles_614.png,	 12;
class_49_circles_1763.png,	 50;
class_4_circles_431.png,	 4;
class_9_circles_1202.png,	 12;
class_4_circles_1658.png,	 4;
class_25_circles_1074.png,	 24;
class_9_circles_18.png,	 12;
class_25_circles_80.png,	 24;
class_4_circles_1106.png,	 4;
class_16_circles_1595.png,	 16;
class_4_circles_1989.png,	 4;
class_49_circles_1015.png,	 50;
class_9_circles_1619.png,	 9;
class_25_circles_222.png,	 16;
class_9_circles_1101.png,	 9;
class_49_circles_517.png,	 50;
class_9_circles_609.png,	 12;
class_25_circles_958.png,	 16;
class_25_circles_1508.png,	 24;
class_36_circles_173.png,	 30;
class_36_circles_686.png,	 30;
class_25_circles_1972.png,	 25;
class_9_circles_191.png,	 12;
class_81_circles_374.png,	 100;
class_36_circles_120.png,	 30;
class_16_circles_1415.png,	 16;
class_4_circles_899.png,	 4;
class_25_circles_911.png,	 24;
class_81_circles_994.png,	 many;
class_4_circles_1264.png,	 4;
class_64_circles_1743.png,	 many;
class_9_circles_1467.png,	 12;
class_9_circles_1297.png,	 9;
class_9_circles_334.png,	 12;
class_9_circles_998.png,	 9;
class_49_circles_652.png,	 30;
class_4_circles_536.png,	 4;
class_9_circles_17.png,	 9;
class_4_circles_1478.png,	 4;
class_4_circles_1051.png,	 4;
class_25_circles_1440.png,	 16;
class_25_circles_605.png,	 16;
class_16_circles_1589.png,	 16;
class_16_circles_1594.png,	 16;
class_25_circles_343.png,	 24;
class_4_circles_541.png,	 4;
class_16_circles_1732.png,	 16;
class_16_circles_384.png,	 16;
class_16_circles_1198.png,	 16;
class_4_circles_1148.png,	 4;
class_4_circles_623.png,	 4;
class_4_circles_1455.png,	 4;
class_36_circles_715.png,	 25;
class_9_circles_617.png,	 12;
class_9_circles_1674.png,	 12;
class_36_circles_101.png,	 26;
class_64_circles_726.png,	 50;
class_4_circles_1513.png,	 4;
class_4_circles_1931.png,	 4;
class_4_circles_738.png,	 4;
class_9_circles_392.png,	 9;
class_25_circles_28.png,	 24;
class_9_circles_1423.png,	 12;
class_9_circles_111.png,	 12;
class_49_circles_823.png,	 50;
class_16_circles_1620.png,	 16;
class_9_circles_772.png,	 12;
class_16_circles_903.png,	 16;
class_9_circles_1725.png,	 9;
class_25_circles_1377.png,	 22;
class_9_circles_1814.png,	 12;
class_49_circles_411.png,	 30;
class_4_circles_1286.png,	 4;
class_16_circles_887.png,	 16;
class_36_circles_150.png,	 30;
class_4_circles_949.png,	 4;
class_4_circles_1856.png,	 4;
class_16_circles_116.png,	 16;
class_16_circles_1964.png,	 16;
class_25_circles_771.png,	 24;
class_9_circles_817.png,	 9;
class_4_circles_496.png,	 4;
class_16_circles_987.png,	 16;
class_9_circles_692.png,	 9;
class_36_circles_446.png,	 30;
class_9_circles_1825.png,	 12;
class_49_circles_740.png,	 50;
class_9_circles_1281.png,	 12;
class_9_circles_680.png,	 12;
class_4_circles_514.png,	 4;
class_16_circles_239.png,	 16;
class_25_circles_356.png,	 16;
class_9_circles_176.png,	 12;
class_4_circles_158.png,	 4;
class_25_circles_1913.png,	 24;
class_49_circles_1438.png,	 30;
class_4_circles_1243.png,	 4;
class_9_circles_805.png,	 12;
class_4_circles_551.png,	 4;
class_4_circles_1558.png,	 4;
class_36_circles_1603.png,	 30;
class_9_circles_1837.png,	 9;
class_4_circles_331.png,	 4;
class_16_circles_1957.png,	 16;
class_16_circles_296.png,	 16;
class_36_circles_263.png,	 30;
class_36_circles_1624.png,	 30;
class_9_circles_562.png,	 12;
class_36_circles_381.png,	 30;
class_16_circles_1419.png,	 16;
class_4_circles_1761.png,	 4;
class_16_circles_1566.png,	 16;
class_9_circles_1637.png,	 9;
class_49_circles_1089.png,	 30;
class_16_circles_323.png,	 16;
class_9_circles_264.png,	 12;
class_9_circles_699.png,	 9;
class_9_circles_804.png,	 8;
class_36_circles_1163.png,	 30;
class_16_circles_1409.png,	 16;
class_4_circles_1890.png,	 4;
class_4_circles_1193.png,	 4;
class_25_circles_712.png,	 26;
class_36_circles_1413.png,	 30;
class_36_circles_897.png,	 30;
class_25_circles_826.png,	 24;
class_49_circles_371.png,	 50;
class_4_circles_1852.png,	 4;
class_36_circles_395.png,	 30;
class_36_circles_1690.png,	 30;
class_4_circles_555.png,	 4;
class_9_circles_1830.png,	 9;
class_25_circles_57.png,	 24;
class_36_circles_305.png,	 30;
class_9_circles_1122.png,	 12;
class_36_circles_164.png,	 30;
class_16_circles_1945.png,	 16;
class_4_circles_498.png,	 4;
class_4_circles_869.png,	 4;
class_9_circles_1759.png,	 12;
class_81_circles_633.png,	 100;
class_9_circles_1712.png,	 9;
class_4_circles_1215.png,	 4;
class_100_circles_396.png,	 50;
class_4_circles_1257.png,	 4;
class_16_circles_1422.png,	 16;
class_4_circles_1485.png,	 4;
class_4_circles_840.png,	 4;
class_64_circles_1588.png,	 50;
class_9_circles_981.png,	 12;
class_4_circles_1028.png,	 4;
class_9_circles_402.png,	 9;
class_16_circles_1172.png,	 16;
class_16_circles_1859.png,	 16;
class_36_circles_91.png,	 30;
class_36_circles_1840.png,	 30;
class_4_circles_950.png,	 4;
class_36_circles_889.png,	 50;
class_100_circles_1741.png,	 many;
class_9_circles_793.png,	 9;
class_64_circles_49.png,	 100;
class_4_circles_435.png,	 4;
class_16_circles_1742.png,	 16;
class_4_circles_531.png,	 4;
class_4_circles_1035.png,	 4;
class_4_circles_258.png,	 4;
class_64_circles_592.png,	 100;
class_81_circles_376.png,	 100;
class_9_circles_818.png,	 12;
class_64_circles_293.png,	 many;
class_81_circles_1034.png,	 100;
class_16_circles_928.png,	 16;
class_25_circles_1470.png,	 16;
class_4_circles_1538.png,	 4;
class_16_circles_1570.png,	 16;
class_9_circles_1188.png,	 9;
class_16_circles_963.png,	 16;
class_49_circles_197.png,	 many;
class_36_circles_1777.png,	 30;
class_4_circles_1806.png,	 4;
class_4_circles_481.png,	 4;
class_49_circles_912.png,	 50;
class_9_circles_1327.png,	 12;
class_4_circles_1938.png,	 4;
class_4_circles_1838.png,	 4;
class_4_circles_65.png,	 4;
class_49_circles_508.png,	 30;
class_16_circles_988.png,	 16;
class_4_circles_132.png,	 4;
class_4_circles_1988.png,	 4;
class_4_circles_1046.png,	 4;
class_64_circles_703.png,	 many;
class_36_circles_1539.png,	 30;
class_9_circles_529.png,	 12;
class_49_circles_326.png,	 50;
class_16_circles_1259.png,	 16;
class_9_circles_1378.png,	 12;
class_4_circles_1079.png,	 4;
class_4_circles_1772.png,	 4;
class_64_circles_1232.png,	 100;
class_16_circles_1071.png,	 16;
class_25_circles_479.png,	 24;
class_64_circles_1974.png,	 100;
class_9_circles_717.png,	 12;
class_25_circles_694.png,	 24;
class_9_circles_1334.png,	 12;
class_9_circles_1607.png,	 12;
class_4_circles_1270.png,	 4;
class_16_circles_1968.png,	 16;
class_4_circles_1573.png,	 4;
class_25_circles_1961.png,	 24;
class_81_circles_1590.png,	 many;
class_9_circles_1189.png,	 12;
class_25_circles_105.png,	 24;
class_4_circles_1135.png,	 4;
class_25_circles_540.png,	 24;
class_9_circles_800.png,	 9;
class_25_circles_15.png,	 24;
class_4_circles_1515.png,	 4;
class_9_circles_393.png,	 12;
class_100_circles_1012.png,	 100;
class_4_circles_1800.png,	 4;
class_16_circles_1948.png,	 12;
class_4_circles_466.png,	 4;
class_16_circles_1038.png,	 16;
class_4_circles_491.png,	 4;
class_9_circles_458.png,	 12;
class_100_circles_506.png,	 50;
class_25_circles_1194.png,	 24;
class_9_circles_1666.png,	 9;
class_25_circles_413.png,	 24;
class_9_circles_352.png,	 12;
class_9_circles_1164.png,	 9;
class_16_circles_735.png,	 16;
class_49_circles_1018.png,	 30;
class_9_circles_1371.png,	 9;
class_9_circles_568.png,	 9;
class_4_circles_841.png,	 4;
class_49_circles_68.png,	 50;
class_16_circles_1454.png,	 16;
class_9_circles_1497.png,	 12;
class_9_circles_437.png,	 12;
class_9_circles_1914.png,	 9;
class_4_circles_1004.png,	 4;
class_25_circles_1609.png,	 24;
class_36_circles_865.png,	 30;
class_4_circles_251.png,	 4;
class_4_circles_338.png,	 4;
class_9_circles_1682.png,	 9;
class_16_circles_862.png,	 16;
class_9_circles_902.png,	 9;
class_9_circles_205.png,	 12;
class_9_circles_95.png,	 9;
class_9_circles_1891.png,	 12;
class_64_circles_174.png,	 100;
class_9_circles_647.png,	 9;
class_4_circles_1747.png,	 4;
class_64_circles_1092.png,	 100;
class_4_circles_1486.png,	 4;
class_81_circles_1799.png,	 100;
class_36_circles_1134.png,	 30;
class_9_circles_432.png,	 12;
class_9_circles_463.png,	 12;
class_36_circles_1443.png,	 30;
class_16_circles_1433.png,	 16;
class_9_circles_1753.png,	 12;
class_9_circles_348.png,	 12;
class_36_circles_1899.png,	 30;
class_4_circles_1773.png,	 4;
class_16_circles_1296.png,	 16;
class_4_circles_1929.png,	 4;
class_16_circles_744.png,	 16;
class_36_circles_1388.png,	 30;
class_4_circles_1213.png,	 4;
class_4_circles_390.png,	 4;
class_4_circles_642.png,	 4;
class_4_circles_644.png,	 4;
class_49_circles_459.png,	 50;
class_4_circles_407.png,	 4;
class_9_circles_914.png,	 9;
class_16_circles_1950.png,	 16;
class_16_circles_418.png,	 16;
class_9_circles_622.png,	 9;
class_81_circles_673.png,	 many;
class_4_circles_1548.png,	 4;
class_25_circles_377.png,	 16;
class_25_circles_1541.png,	 24;
class_9_circles_888.png,	 12;
class_25_circles_683.png,	 24;
class_4_circles_1498.png,	 4;
class_9_circles_1878.png,	 9;
class_16_circles_1600.png,	 16;
class_36_circles_1593.png,	 30;
class_16_circles_1333.png,	 16;
class_49_circles_1639.png,	 50;
class_9_circles_1514.png,	 12;
class_36_circles_946.png,	 30;
class_16_circles_932.png,	 16;
class_100_circles_184.png,	 100;
class_4_circles_223.png,	 4;
class_64_circles_1768.png,	 50;
class_36_circles_1787.png,	 20;
class_16_circles_1179.png,	 16;
class_9_circles_1749.png,	 12;
class_64_circles_636.png,	 many;
class_16_circles_546.png,	 16;
class_64_circles_577.png,	 50;
class_25_circles_422.png,	 24;
class_36_circles_1880.png,	 30;
class_36_circles_1778.png,	 30;
class_16_circles_287.png,	 16;
class_16_circles_1865.png,	 16;
class_36_circles_142.png,	 30;
class_9_circles_77.png,	 12;
class_16_circles_1441.png,	 16;
class_4_circles_922.png,	 4;
class_25_circles_1984.png,	 24;
class_9_circles_139.png,	 9;
class_4_circles_256.png,	 4;
class_36_circles_89.png,	 30;
class_16_circles_539.png,	 16;
class_64_circles_180.png,	 100;
class_9_circles_103.png,	 9;
class_4_circles_781.png,	 4;
class_4_circles_54.png,	 4;
class_25_circles_973.png,	 24;
class_4_circles_1533.png,	 4;
class_4_circles_56.png,	 4;
class_9_circles_1723.png,	 12;
class_9_circles_836.png,	 12;
class_36_circles_1237.png,	 30;
class_25_circles_1053.png,	 24;
class_4_circles_982.png,	 4;
class_9_circles_1146.png,	 9;
class_9_circles_380.png,	 12;
class_16_circles_300.png,	 16;
class_25_circles_1353.png,	 24;
class_36_circles_1625.png,	 30;
class_25_circles_944.png,	 16;
class_16_circles_1502.png,	 16;
class_4_circles_543.png,	 4;
class_4_circles_1556.png,	 4;
class_9_circles_1977.png,	 12;
class_81_circles_1203.png,	 many;
class_16_circles_1659.png,	 16;
class_9_circles_1577.png,	 12;
class_4_circles_1117.png,	 4;
class_4_circles_1795.png,	 4;
class_25_circles_1323.png,	 16;
class_64_circles_656.png,	 100;
class_9_circles_1793.png,	 12;
class_4_circles_1481.png,	 4;
class_4_circles_477.png,	 4;
class_36_circles_1606.png,	 30;
class_16_circles_69.png,	 16;
class_49_circles_259.png,	 30;
class_9_circles_42.png,	 12;
class_4_circles_544.png,	 4;
class_9_circles_439.png,	 12;
class_9_circles_1503.png,	 12;
class_4_circles_503.png,	 4;
class_16_circles_1417.png,	 16;
class_16_circles_221.png,	 16;
class_9_circles_880.png,	 12;
class_36_circles_1147.png,	 30;
class_9_circles_255.png,	 12;
class_16_circles_1898.png,	 16;
class_16_circles_342.png,	 16;
class_25_circles_807.png,	 16;
class_4_circles_1574.png,	 4;
class_4_circles_1325.png,	 4;
class_16_circles_138.png,	 16;
class_64_circles_467.png,	 50;
class_36_circles_1008.png,	 30;
class_36_circles_262.png,	 30;
class_16_circles_1677.png,	 16;
class_36_circles_1813.png,	 30;
class_9_circles_200.png,	 9;
class_16_circles_513.png,	 16;
class_9_circles_438.png,	 12;
class_4_circles_1737.png,	 4;
class_9_circles_1321.png,	 12;
class_9_circles_1328.png,	 12;
class_49_circles_177.png,	 50;
class_36_circles_46.png,	 30;
class_9_circles_675.png,	 12;
class_9_circles_803.png,	 12;
class_4_circles_90.png,	 4;
class_16_circles_1766.png,	 16;
class_9_circles_212.png,	 12;
class_64_circles_362.png,	 many;
class_16_circles_1565.png,	 16;
class_36_circles_1960.png,	 30;
class_4_circles_190.png,	 4;
class_4_circles_181.png,	 4;
class_4_circles_604.png,	 4;
class_36_circles_931.png,	 30;
class_9_circles_507.png,	 12;
class_81_circles_1066.png,	 100;
class_4_circles_404.png,	 6;
class_25_circles_112.png,	 24;
class_9_circles_558.png,	 12;
class_49_circles_1137.png,	 50;
class_64_circles_631.png,	 50;
class_9_circles_707.png,	 12;
class_16_circles_1399.png,	 16;
class_4_circles_1638.png,	 4;
class_9_circles_1338.png,	 9;
class_16_circles_1696.png,	 16;
class_16_circles_515.png,	 16;
class_36_circles_403.png,	 30;
class_4_circles_1711.png,	 4;
class_9_circles_1160.png,	 12;
class_64_circles_48.png,	 50;
class_64_circles_1866.png,	 100;
class_25_circles_1504.png,	 24;
class_9_circles_389.png,	 12;
class_16_circles_1489.png,	 16;
class_64_circles_1875.png,	 50;
class_9_circles_1418.png,	 9;
class_9_circles_871.png,	 9;
class_9_circles_824.png,	 9;
class_9_circles_185.png,	 12;
class_16_circles_1093.png,	 16;
class_9_circles_1085.png,	 12;
class_4_circles_414.png,	 4;
class_9_circles_979.png,	 9;
class_4_circles_1209.png,	 4;
class_4_circles_565.png,	 4;
class_4_circles_732.png,	 4;
class_64_circles_1805.png,	 50;
class_64_circles_1343.png,	 50;
class_16_circles_635.png,	 16;
class_16_circles_87.png,	 16;
class_25_circles_1785.png,	 16;
class_4_circles_941.png,	 4;
class_16_circles_1460.png,	 16;
class_9_circles_1695.png,	 12;
class_9_circles_448.png,	 12;
class_4_circles_276.png,	 4;
class_49_circles_249.png,	 50;
class_9_circles_310.png,	 12;
class_36_circles_125.png,	 30;
class_9_circles_1130.png,	 9;
class_9_circles_4.png,	 12;
class_36_circles_1710.png,	 30;
class_9_circles_1127.png,	 12;
class_16_circles_1039.png,	 16;
class_64_circles_118.png,	 100;
class_9_circles_1956.png,	 9;
class_9_circles_1944.png,	 9;
class_49_circles_1834.png,	 50;
class_4_circles_140.png,	 4;
class_9_circles_1104.png,	 12;
class_9_circles_1821.png,	 9;
class_4_circles_1054.png,	 4;
class_16_circles_202.png,	 16;
class_9_circles_361.png,	 9;
class_9_circles_349.png,	 9;
class_9_circles_238.png,	 12;
class_16_circles_131.png,	 16;
class_9_circles_779.png,	 9;
class_25_circles_1464.png,	 16;
class_4_circles_1267.png,	 4;
class_4_circles_113.png,	 4;
class_25_circles_357.png,	 24;
class_9_circles_495.png,	 12;
class_25_circles_896.png,	 16;
class_4_circles_595.png,	 4;
class_9_circles_563.png,	 12;
class_9_circles_1236.png,	 12;
class_16_circles_203.png,	 16;
class_25_circles_1901.png,	 24;
class_4_circles_1349.png,	 4;
class_36_circles_1949.png,	 20;
class_16_circles_128.png,	 16;
class_16_circles_365.png,	 16;
class_25_circles_1370.png,	 24;
class_9_circles_1655.png,	 9;
class_9_circles_1733.png,	 12;
class_16_circles_1126.png,	 16;
class_81_circles_426.png,	 100;
class_9_circles_878.png,	 9;
class_36_circles_469.png,	 30;
class_4_circles_26.png,	 4;
class_16_circles_346.png,	 16;
class_25_circles_1456.png,	 24;
class_49_circles_1033.png,	 50;
class_16_circles_560.png,	 16;
class_36_circles_1912.png,	 30;
class_4_circles_706.png,	 4;
class_16_circles_207.png,	 16;
class_16_circles_787.png,	 16;
class_16_circles_11.png,	 16;
class_4_circles_1933.png,	 4;
class_9_circles_576.png,	 12;
class_36_circles_1872.png,	 30;
class_4_circles_1305.png,	 4;
class_9_circles_92.png,	 9;
class_36_circles_170.png,	 30;
class_49_circles_1112.png,	 50;
class_49_circles_1271.png,	 50;
class_4_circles_441.png,	 4;
class_25_circles_1993.png,	 24;
class_25_circles_613.png,	 24;
class_4_circles_220.png,	 4;
class_4_circles_1434.png,	 4;
class_64_circles_34.png,	 many;
class_9_circles_827.png,	 12;
class_9_circles_1230.png,	 9;
class_16_circles_1429.png,	 16;
class_4_circles_739.png,	 4;
class_9_circles_493.png,	 9;
class_4_circles_1030.png,	 4;
class_4_circles_1075.png,	 4;
class_25_circles_997.png,	 24;
class_9_circles_689.png,	 12;
class_4_circles_646.png,	 4;
class_25_circles_265.png,	 22;
class_9_circles_1158.png,	 9;
class_25_circles_886.png,	 22;
class_25_circles_526.png,	 24;
class_36_circles_1299.png,	 30;
class_16_circles_900.png,	 16;
class_25_circles_921.png,	 24;
class_4_circles_436.png,	 4;
class_4_circles_1065.png,	 4;
class_25_circles_676.png,	 24;
class_49_circles_1776.png,	 many;
class_49_circles_210.png,	 50;
class_49_circles_1278.png,	 30;
class_9_circles_1392.png,	 9;
class_9_circles_983.png,	 8;
class_25_circles_1031.png,	 16;
class_25_circles_1484.png,	 16;
class_16_circles_811.png,	 16;
class_16_circles_148.png,	 16;
class_9_circles_216.png,	 12;
class_25_circles_1442.png,	 24;
class_64_circles_1818.png,	 many;
class_25_circles_672.png,	 24;
class_4_circles_567.png,	 4;
class_16_circles_303.png,	 16;
class_4_circles_1613.png,	 4;
class_25_circles_1116.png,	 24;
class_4_circles_482.png,	 4;
class_36_circles_842.png,	 30;
class_4_circles_1524.png,	 4;
class_36_circles_1428.png,	 30;
class_4_circles_40.png,	 4;
class_9_circles_1562.png,	 12;
class_100_circles_1970.png,	 50;
class_16_circles_1474.png,	 16;
class_36_circles_1141.png,	 30;
class_16_circles_1263.png,	 16;
class_25_circles_224.png,	 24;
class_4_circles_194.png,	 4;
class_16_circles_637.png,	 16;
class_9_circles_1685.png,	 12;
class_4_circles_494.png,	 4;
class_25_circles_1177.png,	 24;
class_9_circles_831.png,	 12;
class_64_circles_1022.png,	 50;
class_9_circles_1279.png,	 9;
class_36_circles_1881.png,	 30;
class_49_circles_1832.png,	 30;
class_64_circles_1926.png,	 many;
class_4_circles_106.png,	 4;
class_64_circles_37.png,	 50;
class_9_circles_1860.png,	 9;
class_64_circles_1971.png,	 50;
class_36_circles_1809.png,	 30;
class_9_circles_31.png,	 12;
class_36_circles_39.png,	 30;
class_25_circles_1197.png,	 24;
class_9_circles_442.png,	 12;
class_9_circles_1293.png,	 9;
class_9_circles_1994.png,	 12;
class_25_circles_169.png,	 24;
class_16_circles_109.png,	 16;
class_25_circles_1351.png,	 22;
class_16_circles_741.png,	 16;
class_9_circles_1959.png,	 9;
class_4_circles_1240.png,	 4;
class_4_circles_640.png,	 4;
class_25_circles_852.png,	 24;
class_16_circles_322.png,	 16;
class_4_circles_1962.png,	 4;
class_4_circles_353.png,	 4;
class_16_circles_859.png,	 16;
class_9_circles_1020.png,	 12;
class_4_circles_1283.png,	 4;
class_16_circles_1373.png,	 16;
class_16_circles_1512.png,	 16;
class_25_circles_736.png,	 24;
class_4_circles_1161.png,	 4;
class_16_circles_166.png,	 16;
class_81_circles_1704.png,	 100;
class_4_circles_945.png,	 4;
class_9_circles_302.png,	 9;
class_9_circles_1316.png,	 9;
class_9_circles_126.png,	 12;
class_25_circles_1011.png,	 24;
class_4_circles_731.png,	 4;
class_9_circles_583.png,	 12;
class_16_circles_1040.png,	 16;
class_49_circles_1000.png,	 30;
class_9_circles_843.png,	 12;
class_4_circles_133.png,	 4;
class_25_circles_1290.png,	 24;
class_9_circles_206.png,	 12;
class_16_circles_1544.png,	 16;
class_16_circles_79.png,	 16;
class_4_circles_786.png,	 4;
class_9_circles_208.png,	 12;
class_16_circles_465.png,	 16;
class_25_circles_171.png,	 16;
class_64_circles_370.png,	 many;
class_4_circles_559.png,	 4;
class_9_circles_1124.png,	 12;
class_16_circles_1055.png,	 16;
class_64_circles_666.png,	 100;
class_49_circles_387.png,	 100;
class_9_circles_1902.png,	 12;
class_4_circles_708.png,	 4;
class_49_circles_892.png,	 many;
class_81_circles_586.png,	 50;
class_49_circles_412.png,	 30;
class_4_circles_254.png,	 4;
class_9_circles_214.png,	 9;
class_16_circles_1057.png,	 16;
class_4_circles_1697.png,	 4;
class_4_circles_1857.png,	 4;
class_16_circles_1718.png,	 16;
class_25_circles_1301.png,	 16;
class_25_circles_317.png,	 24;
class_9_circles_1457.png,	 12;
class_9_circles_1231.png,	 12;
class_9_circles_721.png,	 9;
class_16_circles_1836.png,	 16;
class_100_circles_33.png,	 100;
class_64_circles_234.png,	 100;
class_9_circles_1873.png,	 12;
class_49_circles_457.png,	 30;
class_25_circles_815.png,	 16;
class_9_circles_907.png,	 12;
class_9_circles_829.png,	 9;
